ListCampaigns|GET|/api/client/campaign
ListCampaignObjects|GET|/api/client/campaign/{campaignId}/objects
GetLimitsList|GET|/api/client/limits/list
ExternalCampaign_BidBySKU|POST|/api/client/min/sku
ExternalCampaign_ListProductsWithBonuses2|GET|/api/client/products_with_bonuses
SubmitRequest|POST|/api/client/statistics
VideoCampaignsSubmitRequest|POST|/api/client/statistics/video
AttributionSubmitRequest|POST|/api/client/statistics/attribution
StatisticsCheck|GET|/api/client/statistics/{UUID}
ListReports|GET|/api/client/statistics/list
ListReportsExternal|GET|/api/client/statistics/externallist
DownloadStatistics|GET|/api/client/statistics/report
MediaCampaignList|GET|/api/client/statistics/campaign/media
ProductCampaignList|GET|/api/client/statistics/campaign/product
GetCampaignExpense|GET|/api/client/statistics/expense
GetCampaignDailyStats|GET|/api/client/statistics/daily
SearchPromoOrdersReportSubmitRequest|POST|/api/client/statistic/orders/generate
SearchPromoProductsReportSubmitRequest|POST|/api/client/statistic/products/generate
GenerateAllSkuPromoOrdersReport|GET|/api/client/statistics/all_sku_promo/orders/generate
GenerateAllSkuPromoProductsReport|GET|/api/client/statistics/all_sku_promo/products/generate
ExternalStatistics_StatisticsPhrasesSubmitRequest2|POST|/api/client/statistics/phrases
SearchPromoProductsSKUStatistics2|POST|/api/client/statistics/products/sku
CreateProductCampaignCPCV2|POST|/api/client/campaign/cpc/v2/product
CalculateDynamicBudget|POST|/external/api/dynamic_budget
ActivateCampaign|POST|/api/client/campaign/{campaignId}/activate
DeactivateCampaign|POST|/api/client/campaign/{campaignId}/deactivate
PatchProductCampaign|PATCH|/api/client/campaign/{campaignId}
AddProducts|POST|/api/client/campaign/{campaignId}/products
UpdateProducts|PUT|/api/client/campaign/{campaignId}/products
GetProductsV2|GET|/api/client/campaign/{campaignId}/v2/products
DeleteProducts|POST|/api/client/campaign/{campaignId}/products/delete
GetProductsCompetitiveBids|GET|/api/client/campaign/{campaignId}/products/bids/competitive
ExternalCampaign_ListSearchPromoProductsV2|POST|/api/client/campaign/search_promo/v2/products
ExternalCampaign_GetProductsRecommendedBids|POST|/api/client/search_promo/bids/recommendation
ExternalCampaign_SetSearchPromoBidsV2|POST|/api/client/campaign/search_promo/v2/bids/set
ExternalCampaign_GetCPOMinBids|POST|/api/client/search_promo/get_cpo_min_bids
ExternalCampaign_BatchEnableProducts|POST|/api/client/search_promo/product/enable
ExternalCampaign_BatchDisableProducts|POST|/api/client/search_promo/product/disable
ExternalCampaign_DeleteSearchPromoBidsV2|POST|/api/client/campaign/search_promo/v2/bids/delete
ActivateAllSkuPromoCampaign|GET|/api/client/campaign/all_sku_promo/activate
DeactivateAllSkuPromoCampaign|GET|/api/client/campaign/all_sku_promo/deactivate
SetAllSkuPromoCampaignBid2|GET|/api/client/campaign/all_sku_promo/set_bid
ExternalCampaign_BatchEnableCarrots4|POST|/api/client/campaign/search_promo/carrots/enable
ExternalCampaign_BatchDisableCarrots4|POST|/api/client/campaign/search_promo/carrots/disable
VendorStatisticsSubmitRequest|POST|/api/client/vendors/statistics
VendorStatisticsListReports|GET|/api/client/vendors/statistics/list
VendorStatisticsCheck|GET|/api/client/vendors/statistics/{UUID}
GetVendorTag|GET|/api/client/organisation/vendor_tag
