AccessAPI_RolesByToken|POST|/v1/roles
SellerAPI_SellerInfo|POST|/v1/seller/info
SellerAPI_SellerOzonLogisticsInfo|POST|/v1/seller/ozon-logistics/info
DescriptionCategoryAPI_GetTree|POST|/v1/description-category/tree
DescriptionCategoryAPI_GetAttributes|POST|/v1/description-category/attribute
DescriptionCategoryAPI_GetAttributeValues|POST|/v1/description-category/attribute/values
DescriptionCategoryAPI_SearchAttributeValues|POST|/v1/description-category/attribute/values/search
ProductAPI_GetProductPlacementZoneInfo|POST|/v1/product/placement-zone/info
ProductAPI_ImportProductsV3|POST|/v3/product/import
ProductAPI_GetImportProductsInfo|POST|/v1/product/import/info
ProductAPI_ImportProductsBySKU|POST|/v1/product/import-by-sku
ProductAPI_ProductUpdateAttributes|POST|/v1/product/attributes/update
ProductImportPicturesV2|POST|/v2/product/pictures/import
ProductAPI_ProductImportPictures|POST|/v1/product/pictures/import
ProductAPI_GetProductList|POST|/v3/product/list
ProductAPI_GetProductRatingBySku|POST|/v1/product/rating-by-sku
ProductAPI_GetProductInfoList|POST|/v3/product/info/list
ProductAPI_GetProductAttributesV4|POST|/v4/product/info/attributes
ProductAPI_GetProductInfoDescription|POST|/v1/product/info/description
ProductAPI_GetUploadQuota|POST|/v4/product/info/limit
ProductAPI_ProductUpdateOfferID|POST|/v1/product/update/offer-id
ProductAPI_ProductArchive|POST|/v1/product/archive
ProductAPI_ProductUnarchive|POST|/v1/product/unarchive
ProductAPI_DeleteProducts|POST|/v2/products/delete
ProductAPI_GetProductInfoSubscription|POST|/v1/product/info/subscription
ProductAPI_ProductGetRelatedSKU|POST|/v1/product/related-sku/get
ProductAPI_ProductInfoPicturesV2|POST|/v2/product/pictures/info
ProductAPI_ProductInfoWrongVolume|POST|/v1/product/info/wrong-volume
GetProductInfoStocksByWarehouseFbo|POST|/v1/product/info/stocks-by-warehouse/fbo
add-barcode|POST|/v1/barcode/add
generate-barcode|POST|/v1/barcode/generate
ProductAPI_ProductsStocksV2|POST|/v2/products/stocks
ProductAPI_GetProductInfoStocks|POST|/v4/product/info/stocks
ProductInfoWarehouseStocks|POST|/v1/product/info/warehouse/stocks
ProductAPI_GetProductInfoStocksByWarehouseFbsV2|POST|/v2/product/info/stocks-by-warehouse/fbs
ProductAPI_ProductStocksByWarehouseFbs|POST|/v1/product/info/stocks-by-warehouse/fbs
ProductAPI_ImportProductsPrices|POST|/v1/product/import/prices
ProductAPI_ActionTimerUpdate|POST|/v1/product/action/timer/update
ProductAPI_ActionTimerStatus|POST|/v1/product/action/timer/status
ProductAPI_GetProductInfoPrices|POST|/v5/product/info/prices
ProductAPI_GetProductInfoDiscounted|POST|/v1/product/info/discounted
ProductAPI_ProductUpdateDiscount|POST|/v1/product/update/discount
Promos|GET|/v1/actions
ActionsCandidates|POST|/v2/actions/candidates
PromosCandidates|POST|/v1/actions/candidates
ActionsProducts|POST|/v2/actions/products
PromosProducts|POST|/v1/actions/products
PromosProductsActivate|POST|/v1/actions/products/activate
ActionsProductsUpdate|POST|/v1/actions/products/update
ActionsProductsDeactivate|POST|/v2/actions/products/deactivate
PromosProductsDeactivate|POST|/v1/actions/products/deactivate
promos_task_list|POST|/v1/actions/discounts-task/list
promos_task_approve|POST|/v1/actions/discounts-task/approve
promos_task_decline|POST|/v1/actions/discounts-task/decline
ActionsAutoAddProductsListV2|POST|/v2/actions/auto-add/products/list
ActionsAutoAddProductsCandidatesV2|POST|/v2/actions/auto-add/products/candidates
ActionsAutoAddProductsDeleteV2|POST|/v2/actions/auto-add/products/delete
ActionsAutoAddProductsUpdateV2|POST|/v2/actions/auto-add/products/update
pricing_competitors|POST|/v1/pricing-strategy/competitors/list
pricing_list|POST|/v1/pricing-strategy/list
pricing_create|POST|/v1/pricing-strategy/create
pricing_info|POST|/v1/pricing-strategy/info
pricing_update|POST|/v1/pricing-strategy/update
pricing_items-add|POST|/v1/pricing-strategy/products/add
pricing_ids|POST|/v1/pricing-strategy/strategy-ids-by-product-ids
pricing_items-list|POST|/v1/pricing-strategy/products/list
pricing_items-info|POST|/v1/pricing-strategy/product/info
pricing_items-delete|POST|/v1/pricing-strategy/products/delete
pricing_status|POST|/v1/pricing-strategy/status
pricing_delete|POST|/v1/pricing-strategy/delete
BrandAPI_BrandCompanyCertificationList|POST|/v1/brand/company-certification/list
ProductAPI_ProductCertificateAccordanceTypes|GET|/v1/product/certificate/accordance-types
CertificateAccordanceTypes|GET|/v2/product/certificate/accordance-types/list
ProductAPI_ProductCertificateTypes|GET|/v1/product/certificate/types
ProductAPI_ProductCertificationList|POST|/v2/product/certification/list
ProductAPI_V1ProductCertificationList|POST|/v1/product/certification/list
ProductAPI_ProductCertificateCreate|POST|/v1/product/certificate/create
ProductAPI_ProductCertificateBind|POST|/v1/product/certificate/bind
CertificateDelete|POST|/v1/product/certificate/delete
CertificateInfo|POST|/v1/product/certificate/info
CertificateList|POST|/v1/product/certificate/list
ProductStatusList|POST|/v1/product/certificate/product_status/list
CertificateProductsList|POST|/v1/product/certificate/products/list
CertificateUnbind|POST|/v1/product/certificate/unbind
RejectionReasonsList|POST|/v1/product/certificate/rejection_reasons/list
CertificateStatusList|POST|/v1/product/certificate/status/list
WarehouseListV2|POST|/v2/warehouse/list
WarehouseAPI_WarehouseList|POST|/v1/warehouse/list
WarehouseAPI_DeliveryMethodListV2|POST|/v2/delivery-method/list
WarehouseAPI_DeliveryMethodList|POST|/v1/delivery-method/list
GetDeliveryMethodReturnSettingsV1|POST|/v1/delivery-method/return/settings/get
GetWarehouseFBSOperationStatus|POST|/v1/warehouse/operation/status
ArchiveWarehouseFBS|POST|/v1/warehouse/archive
UnarchiveWarehouseFBS|POST|/v1/warehouse/unarchive
WarehouseInvalidProductsGet|POST|/v1/warehouse/invalid-products/get
WarehouseWithInvalidProducts|POST|/v1/warehouse/warehouses-with-invalid-products
WarehouseAPI_ListDropOffPointsForCreateFBSWarehouse|POST|/v1/warehouse/fbs/create/drop-off/list
WarehouseAPI_ListDropOffPointsForUpdateFBSWarehouse|POST|/v1/warehouse/fbs/update/drop-off/list
WarehouseFbsCreateDropOffTimeslotList|POST|/v1/warehouse/fbs/create/drop-off/timeslot/list
WarehouseFbsUpdateDropOffTimeslotList|POST|/v1/warehouse/fbs/update/drop-off/timeslot/list
WarehouseFbsCreatePickUpTimeslotList|POST|/v1/warehouse/fbs/create/pick-up/timeslot/list
WarehouseFbsUpdatePickUpTimeslotList|POST|/v1/warehouse/fbs/update/pick-up/timeslot/list
WarehouseAPI_CreateWarehouseFBS|POST|/v1/warehouse/fbs/create
UpdateWarehouseFBS|POST|/v1/warehouse/fbs/update
UpdateWarehouseFBSFirstMile|POST|/v1/warehouse/fbs/first-mile/update
WarehouseFBSCreateReturnPointList|POST|/v1/warehouse/fbs/create/return-point/list
WarehouseFBSUpdateReturnPointList|POST|/v1/warehouse/fbs/update/return-point/list
WarehouseFBSReturnMileInfo|POST|/v1/warehouse/fbs/return-mile/info
WarehouseFbsReturnMileCheck|POST|/v1/warehouse/fbs/return-mile/check
WarehouseFbsPickUpCourierCreate|POST|/v1/warehouse/fbs/pickup/courier/create
WarehouseFbsPickUpCourierCancel|POST|/v1/warehouse/fbs/pickup/courier/cancel
WarehouseFbsPickUpHistoryList|POST|/v1/warehouse/fbs/pickup/history/list
WarehouseFbsPickUpPlanningList|POST|/v1/warehouse/fbs/pickup/planning/list
WarehouseERFBSAggregatorCreate|POST|/v1/warehouse/erfbs/aggregator/create
WarehouseERFBSUpdate|POST|/v1/warehouse/erfbs/update
WarehouseERFBSAggregatorDeliveryMethodUpdate|POST|/v1/warehouse/erfbs/aggregator/delivery-method/update
WarehouseERFBSNonIntegratedCreate|POST|/v1/warehouse/erfbs/non-integrated/create
WarehouseERFBSNonIntegratedDeliveryMethodUpdate|POST|/v1/warehouse/erfbs/non-integrated/delivery-method/update
WarehouseRfbsPause|POST|/v1/warehouse/rfbs/pause
WarehouseRfbsUnpause|POST|/v1/warehouse/rfbs/unpause
PostingFbsUnfulfilledList|POST|/v4/posting/fbs/unfulfilled/list
PostingAPI_GetFbsPostingUnfulfilledList|POST|/v3/posting/fbs/unfulfilled/list
PostingFbsList|POST|/v4/posting/fbs/list
PostingAPI_GetFbsPostingListV3|POST|/v3/posting/fbs/list
PostingAPI_GetFbsPostingV3|POST|/v3/posting/fbs/get
PostingAPI_GetFbsPostingByBarcode|POST|/v2/posting/fbs/get-by-barcode
PostingAPI_PostingMultiBoxQtySetV3|POST|/v3/posting/multiboxqty/set
PostingAPI_ListCountryProductFbsPostingV2|POST|/v2/posting/fbs/product/country/list
PostingAPI_SetCountryProductFbsPostingV2|POST|/v2/posting/fbs/product/country/set
PostingAPI_GetRestrictions|POST|/v1/posting/fbs/restrictions
PostingAPI_PostingFBSPackageLabel|POST|/v2/posting/fbs/package-label
PostingFbsPackageLabelCreate|POST|/v3/posting/fbs/package-label/create
PostingAPI_CreateLabelBatchV2|POST|/v2/posting/fbs/package-label/create
PostingAPI_CreateLabelBatch|POST|/v1/posting/fbs/package-label/create
PostingFbsPackageLabelGet|POST|/v2/posting/fbs/package-label/get
PostingAPI_GetLabelBatch|POST|/v1/posting/fbs/package-label/get
PostingAPI_GetPostingFbsCancelReasonV1|POST|/v1/posting/fbs/cancel-reason
PostingAPI_GetPostingFbsCancelReasonList|POST|/v2/posting/fbs/cancel-reason/list
PostingAPI_CancelFbsPostingProduct|POST|/v2/posting/fbs/product/cancel
PostingAPI_CancelFbsPosting|POST|/v2/posting/fbs/cancel
PostingAPI_MoveFbsPostingToArbitration|POST|/v2/posting/fbs/arbitration
PostingAPI_MoveFbsPostingToAwaitingDelivery|POST|/v2/posting/fbs/awaiting-delivery
PostingAPI_PostingFBSPickupCodeVerify|POST|/v1/posting/fbs/pick-up-code/verify
PostingAPI_GetEtgb|POST|/v1/posting/global/etgb
PostingAPI_UnpaidLegalProductList|POST|/v1/posting/unpaid-legal/product/list
PolygonAPI_CreatePolygon|POST|/v1/polygon/create
PolygonBind|POST|/v2/polygon/bind
PolygonAPI_BindPolygon|POST|/v1/polygon/bind
PolygonDelete|POST|/v1/polygon/delete
PolygonList|POST|/v1/polygon/list
PolygonTimeCoordinatesUpdate|POST|/v1/polygon/time/coordinates/update
PolygonTimeSet|POST|/v1/polygon/time/set
PostingFboList|POST|/v3/posting/fbo/list
PostingAPI_GetFboPostingList|POST|/v2/posting/fbo/list
PostingAPI_GetFboPosting|POST|/v2/posting/fbo/get
PostingAPI_GetPostingFboCancelReasonList|POST|/v1/posting/fbo/cancel-reason/list
SupplyOrderAPI_SupplyOrderStatusCounter|POST|/v1/supply-order/status/counter
SupplyOrderBundle|POST|/v1/supply-order/bundle
SupplyOrderList|POST|/v3/supply-order/list
SupplyOrderGet|POST|/v3/supply-order/get
SupplyOrderAPI_GetSupplyOrderTimeslots|POST|/v1/supply-order/timeslot/get
SupplyOrderTimeslotList|POST|/v2/supply-order/timeslot/list
SupplyOrderAPI_UpdateSupplyOrderTimeslot|POST|/v1/supply-order/timeslot/update
SupplyOrderAPI_GetSupplyOrderTimeslotStatus|POST|/v1/supply-order/timeslot/status
SupplyOrderAPI_SupplyOrderPassCreate|POST|/v1/supply-order/pass/create
SupplyOrderAPI_SupplyOrderPassStatus|POST|/v1/supply-order/pass/status
SupplyOrderAPI_SupplyOrderDetails|POST|/v1/supply-order/details
SupplierAPI_SupplierAvailableWarehouses|GET|/v1/supplier/available_warehouses
DraftClusterList|POST|/v2/cluster/list
SupplyDraftAPI_DraftClusterList|POST|/v1/cluster/list
SupplyDraftAPI_DraftGetWarehouseFboList|POST|/v1/warehouse/fbo/list
DraftCrossdockCreate|POST|/v1/draft/crossdock/create
DraftDirectCreate|POST|/v1/draft/direct/create
DraftMultiClusterCreate|POST|/v1/draft/multi-cluster/create
DraftCreateInfo|POST|/v2/draft/create/info
DraftTimeslotInfo|POST|/v2/draft/timeslot/info
CargoesAPI_CargoesCreate|POST|/v1/cargoes/create
CargoesCreateInfoV2|POST|/v2/cargoes/create/info
CargoesGet|POST|/v1/cargoes/get
CargoesAPI_CargoesDelete|POST|/v1/cargoes/delete
CargoesAPI_CargoesDeleteStatus|POST|/v1/cargoes/delete/status
CargoesAPI_CargoesRulesGet|POST|/v1/cargoes/rules/get
CargoesAPI_CargoesLabelCreate|POST|/v1/cargoes-label/create
CargoesAPI_CargoesLabelGet|POST|/v1/cargoes-label/get
CargoesAPI_CargoesLabelFile|GET|/v1/cargoes-label/file/{file_guid}
SupplyOrderAPI_SupplyOrderCancel|POST|/v1/supply-order/cancel
SupplyOrderAPI_SupplyOrderCancelStatus|POST|/v1/supply-order/cancel/status
SupplyOrderAPI_SupplyOrderContentUpdate|POST|/v1/supply-order/content/update
SupplyOrderAPI_SupplyOrderContentUpdateStatus|POST|/v1/supply-order/content/update/status
SupplyOrderContentUpdateValidation|POST|/v1/supply-order/content/update/validation
DraftSupplyCreate|POST|/v2/draft/supply/create
DraftSupplyCreateStatus|POST|/v2/draft/supply/create/status
WarehouseFboSellerList|POST|/v1/warehouse/fbo/seller/list
WarehouseOZONList|POST|/v1/warehouse/ozon/list
PostingAPI_ShipFbsPostingV4|POST|/v4/posting/fbs/ship
PostingAPI_ShipFbsPostingPackage|POST|/v4/posting/fbs/ship/package
PostingAPI_FbsPostingProductExemplarSetV6|POST|/v6/fbs/posting/product/exemplar/set
PostingAPI_FbsPostingProductExemplarCreateOrGetV6|POST|/v6/fbs/posting/product/exemplar/create-or-get
PostingAPI_FbsPostingProductExemplarStatusV5|POST|/v5/fbs/posting/product/exemplar/status
PostingAPI_FbsPostingProductExemplarValidateV5|POST|/v5/fbs/posting/product/exemplar/validate
PostingAPI_FbsPostingProductExemplarUpdate|POST|/v1/fbs/posting/product/exemplar/update
CarriageAPI_CarriageCreate|POST|/v1/carriage/create
CarriageAPI_CarriageApprove|POST|/v1/carriage/approve
CarriageAPI_SetPostings|POST|/v1/carriage/set-postings
CarriageAPI_CarriageCancel|POST|/v1/carriage/cancel
CarriageAPI_CarriageDeliveryListV2|POST|/v2/carriage/delivery/list
CarriageAPI_CarriageDeliveryList|POST|/v1/carriage/delivery/list
PostingAPI_PostingFBSActCreate|POST|/v2/posting/fbs/act/create
PostingAPI_GetCarriageAvailableList|POST|/v1/posting/carriage-available/list
CarriageGet|POST|/v1/carriage/get
CarriageCourierContactSet|POST|/v1/carriage/courier-contact/set
CarriageCourierContactGet|POST|/v1/carriage/courier-contact/get
FbsSplit|POST|/v1/posting/fbs/split
PostingAPI_ActPostingList|POST|/v2/posting/fbs/act/get-postings
PostingAPI_PostingFBSActGetContainerLabels|POST|/v2/posting/fbs/act/get-container-labels
PostingAPI_PostingFBSGetBarcode|POST|/v2/posting/fbs/act/get-barcode
PostingAPI_PostingFBSGetBarcodeText|POST|/v2/posting/fbs/act/get-barcode/text
PostingAPI_PostingFBSDigitalActCheckStatus|POST|/v2/posting/fbs/digital/act/check-status
PostingAPI_PostingFBSGetAct|POST|/v2/posting/fbs/act/get-pdf
CarriageActDiscrepancyPDF|POST|/v1/carriage/act-discrepancy/pdf
PostingAPI_FbsActList|POST|/v2/posting/fbs/act/list
PostingAPI_PostingFBSGetDigitalAct|POST|/v2/posting/fbs/digital/act/get-pdf
PostingAPI_PostingFBSActCheckStatus|POST|/v2/posting/fbs/act/check-status
PostingFbsTraceableSplit|POST|/v1/posting/fbs/traceable/split
PostingFbsProductTraceableAttribute|POST|/v1/posting/fbs/product/traceable/attribute
CarriageEttnStatus|POST|/v1/carriage/ettn/status
AssemblyCarriagePostingList|POST|/v1/assembly/carriage/posting/list
AssemblyCarriageProductList|POST|/v1/assembly/carriage/product/list
AssemblyFbsPostingList|POST|/v1/assembly/fbs/posting/list
AssemblyFbsProductList|POST|/v1/assembly/fbs/product/list
PostingAPI_FbsPostingTrackingNumberSet|POST|/v2/fbs/posting/tracking-number/set
PostingAPI_FbsPostingDelivering|POST|/v2/fbs/posting/delivering
PostingAPI_FbsPostingLastMile|POST|/v2/fbs/posting/last-mile
PostingAPI_FbsPostingDelivered|POST|/v2/fbs/posting/delivered
PostingAPI_PostingTimeslotChangeRestrictions|POST|/v1/posting/fbs/timeslot/change-restrictions
PostingAPI_SetPostingTimeslot|POST|/v1/posting/fbs/timeslot/set
PostingAPI_SetPostingCutoff|POST|/v1/posting/cutoff/set
PassList|POST|/v1/pass/list
carriagePassCreate|POST|/v1/carriage/pass/create
carriagePassUpdate|POST|/v1/carriage/pass/update
carriagePassDelete|POST|/v1/carriage/pass/delete
returnPassCreate|POST|/v1/return/pass/create
returnPassUpdate|POST|/v1/return/pass/update
returnPassDelete|POST|/v1/return/pass/delete
returnsList|POST|/v1/returns/list
UtilizationHistory|POST|/v1/returns/settings/utilization/history
UtilizationInfo|POST|/v1/returns/settings/utilization/info
UtilizationUpdate|POST|/v1/returns/settings/utilization/update
RFBSReturnsAPI_ReturnsRfbsListV2|POST|/v2/returns/rfbs/list
RFBSReturnsAPI_ReturnsRfbsGetV2|POST|/v2/returns/rfbs/get
ReturnsAPI_ReturnsRfbsActionSet|POST|/v1/returns/rfbs/action/set
returnsCompanyFBSInfo|POST|/v1/returns/company/fbs/info
ReturnAPI_GiveoutIsEnabled|POST|/v1/return/giveout/is-enabled
ReturnAPI_GiveoutList|POST|/v1/return/giveout/list
ReturnAPI_GiveoutInfo|POST|/v1/return/giveout/info
ReturnAPI_GiveoutGetBarcode|POST|/v1/return/giveout/barcode
ReturnAPI_GiveoutGetPDF|POST|/v1/return/giveout/get-pdf
ReturnAPI_GiveoutGetPNG|POST|/v1/return/giveout/get-png
ReturnAPI_GiveoutBarcodeReset|POST|/v1/return/giveout/barcode-reset
CancellationAPI_GetConditionalCancellationListV2|POST|/v2/conditional-cancellation/list
CancellationAPI_ConditionalCancellationApproveV2|POST|/v2/conditional-cancellation/approve
CancellationAPI_ConditionalCancellationRejectV2|POST|/v2/conditional-cancellation/reject
ChatAPI_ChatSendFile|POST|/v1/chat/send/file
ChatAPI_ChatListV3|POST|/v3/chat/list
ChatAPI_ChatHistoryV3|POST|/v3/chat/history
InvoiceAPI_InvoiceCreateOrUpdateV2|POST|/v2/invoice/create-or-update
invoice_upload|POST|/v1/invoice/file/upload
invoice_getV2|POST|/v2/invoice/get
invoice_delete|POST|/v1/invoice/delete
ReportAPI_ReportInfo|POST|/v1/report/info
ReportAPI_ReportList|POST|/v1/report/list
ReportAPI_CreateCompanyProductsReport|POST|/v1/report/products/create
ReportAPI_ReportReturnsCreate|POST|/v2/report/returns/create
ReportAPI_CreateCompanyPostingsReport|POST|/v1/report/postings/create
FinanceAPI_FinanceCashFlowStatementList|POST|/v1/finance/cash-flow-statement/list
ReportAPI_CreateDiscountedReport|POST|/v1/report/discounted/create
ReportAPI_CreateStockByWarehouseReport|POST|/v1/report/warehouse/stock
CreatePlacementByProductsReport|POST|/v1/report/placement/by-products/create
CreatePlacementBySuppliesReport|POST|/v1/report/placement/by-supplies/create
CreateCompanyMarkedProductsSalesReport|POST|/v1/report/marked-products-sales/create
AnalyticsAPI_AnalyticsGetStockOnWarehousesV2|POST|/v2/analytics/stock_on_warehouses
AnalyticsAPI_StocksTurnover|POST|/v1/analytics/turnover/stocks
AnalyticsAPI_AnalyticsStocks|POST|/v1/analytics/stocks
FinanceAPI_GetRealizationReportV2|POST|/v2/finance/realization
FinanceAPI_GetRealizationReportV1|POST|/v1/finance/realization/posting
FinanceAPI_FinanceTransactionListV3|POST|/v3/finance/transaction/list
FinanceAPI_FinanceTransactionTotalV3|POST|/v3/finance/transaction/totals
ReportAPI_CreateDocumentB2BSalesReport|POST|/v1/finance/document-b2b-sales
ReportAPI_CreateDocumentB2BSalesJSONReport|POST|/v1/finance/document-b2b-sales/json
ReportAPI_CreateMutualSettlementReport|POST|/v1/finance/mutual-settlement
GetFinanceProductsBuyout|POST|/v1/finance/products/buyout
ReportAPI_GetCompensationReport|POST|/v1/finance/compensation
ReportAPI_GetDecompensationReport|POST|/v1/finance/decompensation
GetReceipt|POST|/v1/receipts/get
ReceiptsSellerList|POST|/v1/receipts/seller/list
UploadReceipt|POST|/v1/receipts/upload
RatingAPI_RatingSummaryV1|POST|/v1/rating/summary
RatingAPI_RatingHistoryV1|POST|/v1/rating/history
RatingAPI_GetFBSRatingIndexInfoV1|POST|/v1/rating/index/fbs/info
RatingAPI_ListFBSRatingIndexPostingsV1|POST|/v1/rating/index/fbs/posting/list
UploadPostingCodes|POST|/v1/posting/digital/codes/upload
ListPostingCodes|POST|/v1/posting/digital/list
DigitalProductAPI_StocksImport|POST|/v1/product/digital/stocks/import
ReviewAPI_CommentCreate|POST|/v1/review/comment/create
ReviewCommentDeleteV2|POST|/v2/review/comment/delete
ReviewAPI_CommentDelete|POST|/v1/review/comment/delete
ReviewAPI_CommentList|POST|/v1/review/comment/list
ReviewChangeStatusV2|POST|/v2/review/change-status
ReviewAPI_ReviewChangeStatus|POST|/v1/review/change-status
ReviewCountV2|POST|/v2/review/count
ReviewAPI_ReviewCount|POST|/v1/review/count
ReviewInfoV2|POST|/v2/review/info
ReviewAPI_ReviewInfo|POST|/v1/review/info
ReviewListV2|POST|/v2/review/list
ReviewAPI_ReviewList|POST|/v1/review/list
QuestionAnswer_Create|POST|/v1/question/answer/create
QuestionAnswer_Delete|POST|/v1/question/answer/delete
QuestionAnswer_List|POST|/v1/question/answer/list
Question_ChangeStatus|POST|/v1/question/change-status
Question_Count|POST|/v1/question/count
Question_Info|POST|/v1/question/info
Question_List|POST|/v1/question/list
Question_TopSku|POST|/v1/question/top-sku
GetProductInfoStocksByWarehouseFbo|POST|/v1/product/info/stocks-by-warehouse/fbo
AnalyticsAPI_ManageStocks|POST|/v1/analytics/manage/stocks
AnalyticsDecommissionedGoods|POST|/v1/analytics/decommissioned-goods
AnalyticsCategoryComparison|POST|/v1/analytics/category/comparison
GetSupplyReturnsSummaryReport|POST|/v1/removal/from-supply/list
GetSupplierReturnsSummaryReport|POST|/v1/removal/from-stock/list
ProductAPI_SetProductStairwayDiscountByQuantity|POST|/v1/product/stairway-discount/by-quantity/set
ProductAPI_GetProductStairwayDiscountByQuantity|POST|/v1/product/stairway-discount/by-quantity/get
GetFinanceBalanceV1|POST|/v1/finance/balance
GetDiscountTaskListV2|POST|/v2/actions/discounts-task/list
ProductVisibilitySet|POST|/v1/product/visibility/set
PostingDigitalList|POST|/v2/posting/digital/list
GetFinanceAccrualPostings|POST|/v1/finance/accrual/postings
GetFinanceAccrualTypes|POST|/v1/finance/accrual/types
GetFinanceAccrualByDay|POST|/v1/finance/accrual/by-day
ProductVisibilityInfo|POST|/v1/product/visibility/info
GetFbpPosting|POST|/v1/posting/fbp/get
CreateCompanyFinanceRealizationPostingReport|POST|/v1/report/realization/posting/create
ProductCertificateOptions|POST|/v2/product/certification/options
ProductCertificateParams|POST|/v2/product/certification/params
ProductCertificateCreate|POST|/v2/product/certificate/create
DescriptionCategoryDependentAttributes|POST|/v1/description-category/dependent-attributes
DescriptionCategoryDependentAttributesValues|POST|/v1/description-category/dependent-attributes/values
AnalyticsLocalSaleTotal|POST|/v1/analytics/local-sale/total
AnalyticsLocalSaleClustersItemsInfo|POST|/v1/analytics/local-sale/clusters-items/info
AnalyticsLocalSaleItemsClustersInfo|POST|/v1/analytics/local-sale/items-clusters/info
WarehouseRfbsReturnPointList|POST|/v1/warehouse/rfbs/return-point/list
SellerActionsCreateDiscount|POST|/v1/seller-actions/create/discount
SellerActionsCreateDiscountWithCondition|POST|/v1/seller-actions/create/discount-with-condition
SellerActionsCreateInstallment|POST|/v1/seller-actions/create/installment
SellerActionsCreateMultiLevelDiscount|POST|/v1/seller-actions/create/multi-level-discount
SellerActionsCreateVoucher|POST|/v1/seller-actions/create/voucher
SellerActionsUpdateDiscount|POST|/v1/seller-actions/update/discount
SellerActionsUpdateDiscountWithCondition|POST|/v1/seller-actions/update/discount-with-condition
SellerActionsUpdateInstallment|POST|/v1/seller-actions/update/installment
SellerActionsUpdateMultiLevelDiscount|POST|/v1/seller-actions/update/multi-level-discount
SellerActionsUpdateVoucher|POST|/v1/seller-actions/update/voucher
SellerActionsProductsAdd|POST|/v1/seller-actions/products/add
SellerActionsProductsCandidates|POST|/v1/seller-actions/products/candidates
SellerActionsProductsDelete|POST|/v1/seller-actions/products/delete
SellerActionsProductsList|POST|/v1/seller-actions/products/list
SellerActionsArchive|POST|/v1/seller-actions/archive
SellerActionsChangeActivity|POST|/v1/seller-actions/change-activity
SellerActionsList|POST|/v1/seller-actions/list
SellerActionsVoucherGet|POST|/v1/seller-actions/voucher/get
ActionsAutoAddProductsList|POST|/v1/actions/auto-add/products/list
ActionsAutoAddProductsCandidates|POST|/v1/actions/auto-add/products/candidates
ActionsAutoAddProductsDelete|POST|/v1/actions/auto-add/products/delete
ActionsAutoAddProductsUpdate|POST|/v1/actions/auto-add/products/update
SetNotification|POST|/v1/notification/set
UpdateNotification|POST|/v1/notification/update
DeleteNotification|POST|/v1/notification/delete
CheckNotification|POST|/v1/notification/check
EnableNotification|POST|/v1/notification/enable
NotificationList|POST|/v1/notification/list
GetNotificationPushTypeList|POST|/v1/notification/push-type/list
CargoesGetV2|POST|/v2/cargoes/get
CargoesDeleteV2|POST|/v2/cargoes/delete
CargoesDeleteStatusV2|POST|/v2/cargoes/delete/status
CargoesTransportActivate|POST|/v1/cargoes/transport/activate
CargoesTransportActivateStatus|POST|/v1/cargoes/transport/activate/status
CargoesTransportCreate|POST|/v1/cargoes/transport/create
CargoesTransportCreateStatus|POST|/v1/cargoes/transport/create/status
CargoesTransportBind|POST|/v1/cargoes/transport/bind
CargoesTransportBindStatus|POST|/v1/cargoes/transport/bind/status
CargoesSuppliesGet|POST|/v1/cargoes/supplies/get
CargoesLabelTransportByOrderCreate|POST|/v1/cargoes/label/transport-by-order/create
CargoesLabelTransportByOrderStatus|POST|/v1/cargoes/label/transport-by-order/status
CargoesLabelTransportCreate|POST|/v1/cargoes/label/transport/create
CargoesLabelTransportStatus|POST|/v1/cargoes/label/transport/status
FbpWarehouseList|POST|/v1/fbp/warehouse/list
FbpAPI_FbpDraftGet|POST|/v1/fbp/draft/get
FbpAPI_FbpDraftList|POST|/v1/fbp/draft/list
FbpDraftDirectSellerDlvCreate|POST|/v1/fbp/draft/direct/seller-dlv/create
FbpDraftDirectSellerDlvEdit|POST|/v1/fbp/draft/direct/seller-dlv/edit
FbpDraftDirectTimeslotEdit|POST|/v1/fbp/draft/direct/timeslot/edit
FbpDraftDirectGetTimeslot|POST|/v1/fbp/draft/direct/timeslot/get
FbpDraftDirectCreate|POST|/v1/fbp/draft/direct/create
FbpDraftDirectDelete|POST|/v1/fbp/draft/direct/delete
FbpDraftDirectProductValidate|POST|/v1/fbp/draft/direct/product/validate
FbpDraftDirectRegistrate|POST|/v1/fbp/draft/direct/registrate
FbpAPI_FbpDraftDirectTplDlvCreate|POST|/v1/fbp/draft/direct/tpl-dlv/create
FbpAPI_FbpDraftDirectTplDlvEdit|POST|/v1/fbp/draft/direct/tpl-dlv/edit
FbpDraftDropOffCreate|POST|/v1/fbp/draft/drop-off/create
FbpDraftDropOffDelete|POST|/v1/fbp/draft/drop-off/delete
FbpDraftDropOffDlvEdit|POST|/v1/fbp/draft/drop-off/dlv/edit
FbpDraftDropOffRegistrate|POST|/v1/fbp/draft/drop-off/registrate
FbpDraftDropOffProvinceList|POST|/v1/fbp/draft/drop-off/province/list
FbpDraftDropOffPointList|POST|/v1/fbp/draft/drop-off/point/list
FbpDraftDropOffPointTimetable|POST|/v1/fbp/draft/drop-off/point/timetable
FbpDraftDropOffProductValidate|POST|/v1/fbp/draft/drop-off/product/validate
FbpAPI_FbpDraftPickupCreate|POST|/v1/fbp/draft/pick-up/create
FbpAPI_FbpDraftPickUpDelete|POST|/v1/fbp/draft/pick-up/delete
FbpAPI_FbpDraftPickupDlvEdit|POST|/v1/fbp/draft/pick-up/dlv/edit
FbpAPI_FbpDraftPickUpProductValidate|POST|/v1/fbp/draft/pick-up/product/validate
FbpDraftPickUpRegistrate|POST|/v1/fbp/draft/pick-up/registrate
FbpAPI_FbpOrderDirectCancel|POST|/v1/fbp/order/direct/cancel
FbpAPI_FbpOrderDirectSellerDlvEdit|POST|/v1/fbp/order/direct/seller-dlv/edit
FbpOrderDirectTplDlvEdit|POST|/v1/fbp/order/direct/tpl-dlv/edit
FbpAPI_FbpEditTimeslot|POST|/v1/fbp/order/direct/timeslot/edit
FbpAPI_FbpAvailableTimeslotList|POST|/v1/fbp/order/direct/timeslot/list
FbpAPI_FbpOrderDropOffCancel|POST|/v1/fbp/order/drop-off/cancel
FbpAPI_FbpOrderDropOffDlvEdit|POST|/v1/fbp/order/drop-off/dlv/edit
FbpAPI_FbpOrderDropOffTimetable|POST|/v1/fbp/order/drop-off/timetable
FbpAPI_FbpOrderPickUpCancel|POST|/v1/fbp/order/pick-up/cancel
FbpAPI_FbpOrderPickUpDlvEdit|POST|/v1/fbp/order/pick-up/dlv/edit
FbpAPI_FbpCreateAct|POST|/v1/fbp/act-from/create
FbpAPI_FbpCheckActState|POST|/v1/fbp/act-from/get
FbpAPI_FbpCreateConsignmentNote|POST|/v1/fbp/act-to/create
FbpAPI_FbpCheckConsignmentNoteState|POST|/v1/fbp/act-to/get
FbpAPI_FbpArchiveGet|POST|/v1/fbp/archive/get
FbpAPI_FbpArchiveList|POST|/v1/fbp/archive/list
FbpAPI_FbpCreateLabel|POST|/v1/fbp/label/create
FbpAPI_FbpGetLabel|POST|/v1/fbp/label/get
FbpAPI_FbpOrderGet|POST|/v1/fbp/order/get
FbpAPI_FbpOrderList|POST|/v1/fbp/order/list
PostingFbpList|POST|/v1/posting/fbp/list
CarriageContainerCreate|POST|/v1/carriage/container/create
CarriageContainerFill|POST|/v1/carriage/container/fill
CarriageContainerApprove|POST|/v1/carriage/container/approve
CarriageContainerPlaceInto|POST|/v1/carriage/container/place-into
CarriageContainerRemovePostings|POST|/v1/carriage/container/remove-postings
CarriageContainerRemoveFrom|POST|/v1/carriage/container/remove-from
CarriageContainerCancel|POST|/v1/carriage/container/cancel
CarriageContainerList|POST|/v1/carriage/container/list
CarriageContainerGet|POST|/v1/carriage/container/get
CarriageContainerStatusGet|POST|/v1/carriage/container/status/get
CarriageContainerTaskInfo|POST|/v1/carriage/container/task/info
CarriageContainerDocumentGet|POST|/v1/carriage/container/document/get
CarriageContainerLabelGet|POST|/v1/carriage/container/label/get
SupplyOrderActSummaryGet|POST|/v1/supply-order/act/summary/get
SupplyOrderActProductGet|POST|/v1/supply-order/act/product/get
SupplyOrderActAccept|POST|/v1/supply-order/act/accept
SupplyOrderActAcceptStatus|POST|/v1/supply-order/act/accept/status
ChatAPI_ChatSendMessage|POST|/v1/chat/send/message
ChatAPI_ChatStart|POST|/v1/chat/start
ChatAPI_ChatReadV2|POST|/v2/chat/read
AnalyticsAPI_AnalyticsGetData|POST|/v1/analytics/data
AnalyticsAPI_AnalyticsProductQueries|POST|/v1/analytics/product-queries
AnalyticsAPI_AnalyticsProductQueriesDetails|POST|/v1/analytics/product-queries/details
FinanceAPI_GetRealizationByDayReportV1|POST|/v1/finance/realization/by-day
SearchQueriesAPI_SearchQueriesText|POST|/v1/search-queries/text
SearchQueriesAPI_SearchQueriesTop|POST|/v1/search-queries/top
ProductPricesDetails|POST|/v1/product/prices/details
CancelReasonList|POST|/v1/cancel-reason/list
CancelReasonListByOrder|POST|/v1/cancel-reason/list-by-order
CancelReasonAPI_CancelReasonListByPosting|POST|/v1/cancel-reason/list-by-posting
DeliveryCheck|POST|/v1/delivery/check
DeliveryCheckout|POST|/v2/delivery/checkout
DeliveryMap|POST|/v1/delivery/map
DeliveryPointInfo|POST|/v1/delivery/point/info
DeliveryAPI_DeliveryPointList|POST|/v1/delivery/point/list
OrderAPI_OrderCancel|POST|/v1/order/cancel
OrderAPI_OrderCancelCheck|POST|/v1/order/cancel/check
OrderAPI_OrderCancelStatus|POST|/v1/order/cancel/status
OrderAPI_OrderCreate|POST|/v2/order/create
PostingAPI_PostingCancel|POST|/v1/posting/cancel
PostingAPI_PostingCancelStatus|POST|/v1/posting/cancel/status
PostingAPI_PostingMarks|POST|/v1/posting/marks
